id,first_name,last_name,username,email,gender,ip_address
301,Iain,Crisall,icrisall0,icrisall0@barnesandnoble.com,Male,236.188.156.174
302,Fidelia,Barhims,fbarhims1,fbarhims1@europa.eu,Female,36.14.1.54
303,Con,O'Kerin,cokerin2,cokerin2@booking.com,Female,199.218.147.69
304,Ikey,Maddocks,imaddocks3,imaddocks3@imageshack.us,Male,183.227.22.215
305,Towny,Herity,therity4,therity4@woothemes.com,Male,52.215.49.121
306,Aylmar,Archibould,aarchibould5,aarchibould5@a8.net,Male,164.21.7.170
307,Rory,Balme,rbalme6,rbalme6@blog.com,Female,65.95.41.212
308,Scottie,Laming,slaming7,slaming7@nytimes.com,Male,88.127.228.239
309,Ardeen,Maddick,amaddick8,amaddick8@bigcartel.com,Female,118.130.10.59
310,Rose,Gell,rgell9,rgell9@surveymonkey.com,Female,173.52.237.14
311,Padraig,Everwin,peverwina,peverwina@paginegialle.it,Male,34.137.135.77
312,Dinny,Tiuit,dtiuitb,dtiuitb@howstuffworks.com,Genderfluid,191.18.186.252
313,Ashlin,Aspole,aaspolec,aaspolec@addthis.com,Male,68.93.136.200
314,Manuel,Engledow,mengledowd,mengledowd@hexun.com,Male,225.68.167.148
315,Hercule,Selwyne,hselwynee,hselwynee@blogs.com,Male,214.193.232.130
316,Fernande,Thormann,fthormannf,fthormannf@topsy.com,Female,155.171.225.175
317,Garret,MacGahey,gmacgaheyg,gmacgaheyg@odnoklassniki.ru,Male,18.200.51.59
318,Constancy,Scarratt,cscarratth,cscarratth@upenn.edu,Female,162.64.90.148
319,Vale,McAlarney,vmcalarneyi,vmcalarneyi@discuz.net,Female,231.17.152.87
320,Tera,Sterrie,tsterriej,tsterriej@unesco.org,Female,19.221.120.105
321,Jerry,Deane,jdeanek,jdeanek@rambler.ru,Female,222.214.169.40
322,Austina,Pallant,apallantl,apallantl@bandcamp.com,Female,213.166.205.73
323,Abigael,Yewdall,ayewdallm,ayewdallm@cpanel.net,Female,29.125.50.143
324,Artemus,Klaiser,aklaisern,aklaisern@ameblo.jp,Male,131.118.198.173
325,Wallas,Baudinet,wbaudineto,wbaudineto@businessinsider.com,Male,49.223.151.126
326,Akim,Normanvill,anormanvillp,anormanvillp@tinypic.com,Male,119.220.192.151
327,Gibb,Cours,gcoursq,gcoursq@flavors.me,Non-binary,145.8.229.143
328,Philly,Bagot,pbagotr,pbagotr@google.it,Female,187.19.239.107
329,Nicolas,Mougin,nmougins,nmougins@wix.com,Male,224.26.231.20
330,Lorine,Bamber,lbambert,lbambert@wix.com,Female,207.137.232.152
331,Kilian,Grimme,kgrimmeu,kgrimmeu@businessweek.com,Male,39.205.211.42
332,Minta,Jiri,mjiriv,mjiriv@state.tx.us,Bigender,58.158.183.226
333,Ronald,Hitscher,rhitscherw,rhitscherw@businessinsider.com,Male,235.172.241.214
334,Merv,Kinahan,mkinahanx,mkinahanx@angelfire.com,Male,213.41.205.98
335,Tallie,Hayle,thayley,thayley@opera.com,Male,142.147.125.9
336,Beverie,Torricella,btorricellaz,btorricellaz@amazon.com,Female,72.64.41.149
337,Alano,Whiteway,awhiteway10,awhiteway10@nps.gov,Male,172.241.4.20
338,Barbi,Brownett,bbrownett11,bbrownett11@cdbaby.com,Female,27.89.42.236
339,Cori,Shimoni,cshimoni12,cshimoni12@oracle.com,Male,40.174.211.9
340,Aldrich,Hannan,ahannan13,ahannan13@plala.or.jp,Male,60.214.116.84
341,Iris,Streeten,istreeten14,istreeten14@independent.co.uk,Female,196.140.67.145
342,Nil,Eton,neton15,neton15@wikimedia.org,Male,218.30.181.106
343,Lindy,Waumsley,lwaumsley16,lwaumsley16@virginia.edu,Female,233.176.154.58
344,Durward,Zanardii,dzanardii17,dzanardii17@twitter.com,Male,149.52.118.161
345,Ciel,Janson,cjanson18,cjanson18@usatoday.com,Female,144.164.253.113
346,Alano,Bartoshevich,abartoshevich19,abartoshevich19@rakuten.co.jp,Male,240.12.65.157
347,Anatole,Idill,aidill1a,aidill1a@mysql.com,Male,2.140.45.121
348,Abdel,Landal,alandal1b,alandal1b@blogs.com,Male,211.158.47.144
349,Zerk,Playle,zplayle1c,zplayle1c@1und1.de,Male,184.56.130.71
350,Trevar,Ierland,tierland1d,tierland1d@devhub.com,Male,172.52.100.254
351,Seward,O'Gavin,sogavin1e,sogavin1e@independent.co.uk,Male,97.0.140.27
352,Van,Bentham3,vbentham1f,vbentham1f@mozilla.com,Male,69.81.179.203
353,Jeffry,McMichell,jmcmichell1g,jmcmichell1g@com.com,Male,17.95.114.176
354,Laurena,O'Sullivan,losullivan1h,losullivan1h@twitpic.com,Female,90.27.215.53
355,Carlita,Jahn,cjahn1i,cjahn1i@wisc.edu,Female,162.254.233.32
356,Sigismondo,Mountford,smountford1j,smountford1j@techcrunch.com,Male,77.44.72.194
357,Lindsy,Chesterfield,lchesterfield1k,lchesterfield1k@independent.co.uk,Female,106.144.148.119
358,Stuart,Richardin,srichardin1l,srichardin1l@latimes.com,Male,115.80.99.232
359,Eldridge,Maydway,emaydway1m,emaydway1m@hatena.ne.jp,Non-binary,144.81.231.64
360,Alain,Sargerson,asargerson1n,asargerson1n@irs.gov,Male,117.245.243.132
361,Corliss,Dorricott,cdorricott1o,cdorricott1o@hostgator.com,Polygender,93.33.51.13
362,Renell,Hiley,rhiley1p,rhiley1p@bizjournals.com,Non-binary,95.25.62.161
363,Boony,Pinnijar,bpinnijar1q,bpinnijar1q@123-reg.co.uk,Male,73.101.61.119
364,Renelle,Gave,rgave1r,rgave1r@ow.ly,Female,201.137.181.185
365,Allen,Newbatt,anewbatt1s,anewbatt1s@nationalgeographic.com,Male,249.79.153.200
366,Felix,Frondt,ffrondt1t,ffrondt1t@goo.gl,Male,171.124.169.238
367,Lenard,Savil,lsavil1u,lsavil1u@twitpic.com,Male,42.7.112.96
368,Shelly,Abbis,sabbis1v,sabbis1v@rambler.ru,Agender,86.64.240.201
369,Bruis,Buttrum,bbuttrum1w,bbuttrum1w@dell.com,Male,94.171.105.243
370,Cindie,Petris,cpetris1x,cpetris1x@un.org,Female,96.157.92.177
371,Chauncey,Neame,cneame1y,cneame1y@t.co,Male,107.107.220.176
372,Norry,Engley,nengley1z,nengley1z@sbwire.com,Female,63.130.138.147
373,Leonora,Winckle,lwinckle20,lwinckle20@hhs.gov,Female,175.224.150.216
374,Filbert,Fenby,ffenby21,ffenby21@1688.com,Male,95.73.76.178
375,Marysa,Hampstead,mhampstead22,mhampstead22@dailymail.co.uk,Female,58.73.231.103
376,Angie,Wilber,awilber23,awilber23@guardian.co.uk,Agender,121.175.106.190
377,Rawley,Grigoriscu,rgrigoriscu24,rgrigoriscu24@elegantthemes.com,Male,40.198.209.124
378,Adella,Obbard,aobbard25,aobbard25@yale.edu,Female,54.2.102.228
379,Addison,Margrie,amargrie26,amargrie26@tiny.cc,Male,187.254.193.132
380,Carina,D'Andrea,cdandrea27,cdandrea27@uol.com.br,Female,6.226.95.129
381,Neilla,Defew,ndefew28,ndefew28@deviantart.com,Agender,177.195.129.119
382,Wayland,Curnokk,wcurnokk29,wcurnokk29@hatena.ne.jp,Genderqueer,154.108.120.118
383,Barnie,Laven,blaven2a,blaven2a@google.it,Male,200.46.240.126
384,Warren,Maude,wmaude2b,wmaude2b@creativecommons.org,Non-binary,61.72.86.140
385,George,Cookman,gcookman2c,gcookman2c@ucla.edu,Female,102.131.179.46
386,Marla,Sutter,msutter2d,msutter2d@psu.edu,Female,131.223.180.112
387,Alain,Ginie,aginie2e,aginie2e@wikispaces.com,Male,119.84.9.231
388,Fran,Kyngdon,fkyngdon2f,fkyngdon2f@state.tx.us,Male,231.56.27.250
389,Avery,Gabotti,agabotti2g,agabotti2g@dailymail.co.uk,Male,224.98.241.44
390,Ralina,McClelland,rmcclelland2h,rmcclelland2h@amazonaws.com,Female,182.111.221.105
391,Levy,Magog,lmagog2i,lmagog2i@statcounter.com,Male,213.205.76.5
392,Elisha,Scoggans,escoggans2j,escoggans2j@csmonitor.com,Male,245.248.165.147
393,Maurie,Levane,mlevane2k,mlevane2k@goodreads.com,Male,254.106.108.159
394,Caroline,Dell Casa,cdellcasa2l,cdellcasa2l@naver.com,Agender,129.171.53.51
395,Ev,Shay,eshay2m,eshay2m@behance.net,Male,58.177.2.39
396,Waneta,Beranek,wberanek2n,wberanek2n@bigcartel.com,Female,133.73.117.232
397,L;urette,Worthy,lworthy2o,lworthy2o@sfgate.com,Female,206.217.229.11
398,Kristien,Bastick,kbastick2p,kbastick2p@nsw.gov.au,Female,197.13.209.8
399,Jen,Hiscoke,jhiscoke2q,jhiscoke2q@squidoo.com,Female,82.33.184.83
400,Selina,Doggrell,sdoggrell2r,sdoggrell2r@issuu.com,Female,129.39.110.70
